{
    "data" : [{
        "id": 1,
        "name": "Batman",
        "power": 47,
        "fullname": "Bruce Wayne",
        "place": "Crest Hill, Bristol Township; Gotham County"
   },
    {
        "id": 2,
        "name": "Ant-Man",
        "power": 53,
        "fullname": "Scott Lang",
        "place": "Coral Gables, Florida"
    },
    {
        "id": 3,
        "name": "Scarlet Witch",
        "power": 100,
        "fullname": "Wanda Maximoff",
        "place": "Wundagore Mountain, Transia"
  },
    {
        "id": 4,
        "name": "Deadpool",
        "power": 100,
        "fullname": "Wade Wilson",
        "place": "Canada"
   },
    {
        "id": 5,
        "name": "Captain Marvel",
        "power": 100,
        "fullname": "Carol Danvers",
        "place": "Boston, Massachusetts"
    },
    {
        "id": 6,
        "name": "Captain America",
        "power": 60,
        "fullname": "Steve Rogers",
        "place": "Manhattan, New York City, New York"
    },
    {
        "id": 7,
        "name": "Spider-Man",
        "power": 74,
        "fullname": "Peter Parker",
        "place": "New York, New York"
    },
    {
        "id": 8,
        "name": "Doctor Strange",
        "power": 100,
        "fullname": "Stephen Strange",
        "place": "Philadelphia, Pennsylvania"
    },
    {
        "id": 9,
        "name": "Black Panther",
        "power": 41,
        "fullname": "T'Challa",
        "place": "Wakanda, Africa"
    },
    {
        "id": 10,
        "name": "Hulk",
        "power": 98,
        "fullname": "Bruce Banner",
        "place": "Dayton, Ohio"
    },
    {
        "id": 11,
        "name": "Iron Man",
        "power": 100,
        "fullname": "Tony Stark",
        "place": "Long Island, New York"
    },
    {
        "id": 12,
        "name": "Black Widow",
        "power": "36",
        "fullname": "Natasha Romanoff",
        "place": "Volgograd"
    },
    {
        "id": 13,
        "name": "Hawkeye",
        "power": 29,
        "fullname": "Clint Barton",
        "place": "Waverly, Iowa"
    },
    {
        "id": 14,
        "name": "Thor",
        "power": 100,
        "fullname": "Thor Odinson",
        "place": "Asgard"
    },
    {
        "id": 15,
        "name": "Vision",
        "power": 100,
        "fullname": "Vision",
        "place": "New York"
    },
    {
        "id": 16,
        "name": "Falcon",
        "power": 22,
        "fullname": "Sam Wilson",
        "place": "New York, New York"
    }
    ]
}